{"cameraMode":{"drawMode":0,"name":"Shaded","section":"Shading Mode"},"sceneLighting":true,"audioPlay":false,"sceneViewState":{"showFog":true,"showMaterialUpdate":false,"showSkybox":true,"showFlares":true,"showImageEffects":true,"showParticleSystems":true},"in2DMode":false,"pivot":{"x":-27.91646385192871,"y":-2.3690907955169679,"z":60.446258544921878},"rotation":{"x":0.17159584164619447,"y":-0.41512230038642886,"z":0.08005150407552719,"w":0.8898428082466126},"size":100.00877380371094,"orthographic":false}