{"cameraMode":{"drawMode":0,"name":"Shaded","section":"Shading Mode"},"sceneLighting":true,"audioPlay":false,"sceneViewState":{"showFog":true,"showMaterialUpdate":false,"showSkybox":true,"showFlares":true,"showImageEffects":true,"showParticleSystems":true},"in2DMode":false,"pivot":{"x":0.0,"y":0.6411575078964233,"z":2.4186458587646486},"rotation":{"x":0.12045816332101822,"y":-0.7018173336982727,"z":0.1222788617014885,"w":0.6913685202598572},"size":2.443758010864258,"orthographic":false}