{"cameraMode":{"drawMode":0,"name":"Shaded","section":"Shading Mode"},"sceneLighting":false,"audioPlay":false,"sceneViewState":{"showFog":true,"showMaterialUpdate":false,"showSkybox":false,"showFlares":true,"showImageEffects":true,"showParticleSystems":true},"in2DMode":false,"pivot":{"x":-0.39495015144348147,"y":-0.04247546195983887,"z":-0.5125885009765625},"rotation":{"x":0.20258785784244538,"y":-0.001468891859985888,"z":0.00030383627745322883,"w":0.9792634844779968},"size":1.9752891063690186,"orthographic":false}