{"cameraMode":{"drawMode":0,"name":"Shaded","section":"Shading Mode"},"sceneLighting":false,"audioPlay":false,"sceneViewState":{"showFog":true,"showMaterialUpdate":false,"showSkybox":false,"showFlares":true,"showImageEffects":true,"showParticleSystems":true},"in2DMode":false,"pivot":{"x":0.0009777545928955079,"y":0.8924999237060547,"z":8.232000350952149},"rotation":{"x":0.2427729070186615,"y":-0.6031734347343445,"z":0.19975490868091584,"w":0.7330498099327087},"size":11.491365432739258,"orthographic":false}